1,"Antiques / Collectibles","--- Other ---",
2,"Antiques / Collectibles","Stamps - Sub-mint",
3,"Antiques / Collectibles","Stamps - Used",
4,"Antiques / Collectibles","Stamps - Postage New",
5,"Antiques / Collectibles","Ceramics",
6,"Antiques / Collectibles","Figurine",
7,"Antiques / Collectibles","Vase",
8,"Antiques / Collectibles","Silverware",
9,"Antiques / Collectibles","War Medal",
10,"Antiques / Collectibles","Memorabilia",
11,"Antiques / Collectibles","Trophy",
12,"Antiques / Collectibles","Award",
13,"Appliance Large","--- Other ---",
14,"Appliance Large","Fridge",
15,"Appliance Large","Stove",
16,"Appliance Large","Washer",
17,"Appliance Large","Dryer",
18,"Appliance Large","Freezer",
19,"Appliance Large","Air Conditioner",
20,"Appliance Large","Fridge - Bar",
21,"Appliance Large","Grill",
22,"Appliance Large","Furniture",
23,"Appliance Small","Blender",
24,"Appliance Small","Breadmaker",
25,"Appliance Small","Fan",
26,"Appliance Small","Food Processor",
27,"Appliance Small","Heater",
28,"Appliance Small","Humidifier",
29,"Appliance Small","Iron",
30,"Appliance Small","Microwave",
31,"Appliance Small","Shampooer/Steamer",
32,"Appliance Small","Toaster",
33,"Appliance Small","Vacuum",
34,"Appliance Small","--- Other ---",
35,"Appliance Small","Garburator",
36,"Appliance Small","Food Mixer",
37,"Appliance Small","Sewing Machine",
38,"Appliance Small","Coffee Maker",
39,"Appliance Small","Clock",
40,"Appliance Small","Electric Cooler",
41,"Appliance Small","Meat Slicer",
42,"Appliance Small","Pasta Machine",
43,"Appliance Small","Barbeque",
44,"Art","--- Other ---",
45,"Art","Picture",
46,"Art","Sculpture",
47,"Art","Print",
48,"Art","Painting",
49,"Art","Wall Hanging",
50,"Bicycle","Beach Cruiser",
51,"Bicycle","Bicycle","Light"
52,"Bicycle","Mountain Bike",
53,"Bicycle","Racing Bike",
54,"Bicycle","Speedometer",
55,"Bicycle","Touring Bike",
56,"Bicycle","Touring Racer",
57,"Bicycle","--- Other ---",
58,"Bicycle","Child Bike",
59,"Bicycle","Scooter",
60,"Bicycle","BMX Bike",
61,"Bicycle","Freestyle Bike",
62,"Camera / Optics","Telephoto Lens",
63,"Camera / Optics","8MM Video Camera",
64,"Camera / Optics","Converter",
65,"Camera / Optics","Autowinder",
66,"Camera / Optics","Case",
67,"Camera / Optics","Flash",
68,"Camera / Optics","Lens",
69,"Camera / Optics","Teleconverter",
70,"Camera / Optics","--- Other ---",
71,"Camera / Optics","Binoculars",
72,"Camera / Optics","Studio Light",
73,"Camera / Optics","Scope",
74,"Camera / Optics","Telescope",
75,"Camera / Optics","Microscope",
76,"Camera / Optics","35MM Camera",
77,"Camera / Optics","VHS Video Camera",
78,"Camera / Optics","VHS-C Video Camera",
79,"Camera / Optics","Digital Camera",
80,"Camera / Optics","Polaroid Camera",
81,"Camera / Optics","Tri-Pods",
82,"Camera / Optics","Disposable Camera",
83,"Camera / Optics","APS Camera",
84,"Camera / Optics","Digital 8 Video Camera",
85,"Camera / Optics","Digital Video Camera",
86,"Camera / Optics","Hi 8 Video Camera",
87,"Camera / Optics","Instant Camera",
88,"Camera / Optics","Miscellaneous",
89,"Camera / Optics","Projector / Lens",
90,"Camera / Optics","Camcorder",
91,"Camera / Optics","Point & Shoot Camera",
92,"Camera / Optics","Rangefinder",
93,"Camera Accessories","Autofocus SLR Body",
94,"Camera Accessories","Autofocus SLR Lens",
95,"Camera Accessories","Autofocus Flash",
96,"Camera Accessories","Autofocus SLR Accessories",
97,"Camera Accessories","Darkroom",
98,"Camera Accessories","Digital",
99,"Camera Accessories","Esoteric",
100,"Camera Accessories","Large Format",
101,"Camera Accessories","Manual Focus SLR Body",
102,"Camera Accessories","Manual Focus SLR Lens",
103,"Camera Accessories","Medium Format Body",
104,"Camera Accessories","Medium Format Lens",
105,"Camera Accessories","Medium Format Back",
106,"Camera Accessories","Medium Format Finder",
107,"Camera Accessories","Medium Format Accessories",
108,"Camera Accessories","Meters / Accessories",
109,"Camera Accessories","Manual Focus SLR Accessories",
110,"Camera Accessories","Miscellaneous",
111,"Camera Accessories","SLR Flash",
112,"Camera Accessories","Video",
113,"Camera Accessories","--- Other ---",
114,"Child Accessory","Car Seat",
115,"Child Accessory","--- Other ---",
116,"Child Accessory","Stroller",
117,"Coins","Gold",
118,"Coins","--- Other ---",
119,"Coins","Silver",
120,"Coins","Coin Set",
121,"Coins","Exonumia",
122,"Coins","Currency",
123,"Coins","World Coin",
124,"Coins","Platinum",
125,"Coins","Mint product",
126,"Coins","Paper money",
127,"Demo --- Other ---",,
128,"Demo Demo",,
129,"Farm Implements","--- Other ---",
130,"Farm Implements","Seeder",
131,"Farm Implements","Combine-Tractor Pulled",
132,"Farm Implements","Combine-Self Propelled",
133,"Farm Implements","Swather",
134,"Farm Implements","Harrow",
135,"Farm Implements","Sprayer",
136,"Farm Implements","Plow",
137,"Farm Implements","Tractor-Farm",
138,"Firearm Accessories","-Other-",
139,"Firearm Accessories","Gun Case",
140,"Firearm Accessories","Gun Powder",
141,"Firearm Accessories","Scope",
142,"Firearm Accessories","Laser Sight",
143,"Firearms","Air Guns",
144,"Firearms","Black Powder",
145,"Firearms","Hand Gun",
146,"Firearms","Rifle",
147,"Firearms","Shotgun",
148,"Firearms","Rifle Case",
149,"Firearms","Gun Case",
150,"Firearms","--- Other ---",
151,"Furniture","Dresser",
152,"Furniture","Couch",
153,"Furniture","Coffee Table",
154,"Furniture","--- Other ---",
155,"Game Cartridges/Accessories","-Other Games-",
156,"Game Cartridges/Accessories","Nintendo 64 Game",
157,"Game Cartridges/Accessories","Nintendo Game",
158,"Game Cartridges/Accessories","Sega Genesis Game",
159,"Game Cartridges/Accessories","Sega Saturn Game",
160,"Game Cartridges/Accessories","Dreamcast Game",
161,"Game Cartridges/Accessories","Gameboy Game",
162,"Game Cartridges/Accessories","Controller",
163,"Game Cartridges/Accessories","Adapter",
164,"Game Cartridges/Accessories","Sony Playstation Game",
165,"Game Cartridges/Accessories","Super Nintendo Game",
166,"Game Cartridges/Accessories","Memory Card",
167,"Game Cartridges/Accessories","Sony Playstation 2 Game",
168,"Game Cartridges/Accessories","XBox Game",
169,"Game Cartridges/Accessories","Accessories",
170,"Game Cartridges/Accessories","Nintendo GameCube Game",
171,"Game Systems","Cartridge",
172,"Game Systems","System",
173,"Game Systems","--- Other ---",
174,"Game Systems","Nintendo 64",
175,"Game Systems","Sony Playstation",
176,"Game Systems","Sega Saturn",
177,"Game Systems","Sega Genesis",
178,"Game Systems","Gameboy",
179,"Game Systems","Nintendo",
180,"Game Systems","Super Nintendo",
181,"Game Systems","Dreamcast",
182,"Game Systems","Sega Game Gear",
183,"Game Systems","XBox",
184,"Game Systems","Nintendo GameCube",
185,"Game Systems","Gameboy Advance",
186,"Game Systems","Sony Playstation 2",
187,"Golf Equipment","Golf Bag",
188,"Golf Equipment","Golf Cart",
189,"Golf Equipment","Drivers",
190,"Golf Equipment","Golfset",
191,"Golf Equipment","Irons",
192,"Golf Equipment","Putter",
193,"Golf Equipment","--- Other ---",
194,"Golf Equipment","Sand Wedge",
195,"Jewelery","Band",
196,"Jewelery","Bracelet",
197,"Jewelery","Brooch",
198,"Jewelery","Cufflinks",
199,"Jewelery","Earrings",
200,"Jewelery","Necklace",
201,"Jewelery","Pendant / Charm",
202,"Jewelery","Watch-Pocket",
203,"Jewelery","Ring",
204,"Jewelery","Ringset",
205,"Jewelery","Watch",
206,"Jewelery","--- Other ---",
207,"Jewelery","Locket",
208,"Jewelery","Anklet",
209,"Jewelery","Chain",
210,"Jewelery","Costume Jewellery",
211,"Jewelery","Gemstone",
212,"Jewelery","Scrap Gold",
213,"Jewelery","Scrap Silver",
214,"Jewelery","Tiara",
215,"Jewelery","Bangle",
216,"Jewelery","Watch-Ladies",
217,"Jewelery","Tester",
218,"Jewelery","Digital Scale",
219,"Jewelery","Balance Scale",
220,"Jewelery","Watch-Mens",
221,"Jewelery","Loose Diamond",
222,"Lawn & Garden","Snow Blower",
223,"Lawn & Garden","Chainsaw",
224,"Lawn & Garden","Edger",
225,"Lawn & Garden","Hedger",
226,"Lawn & Garden","Ladder",
227,"Lawn & Garden","Mower",
228,"Lawn & Garden","Rototiller",
229,"Lawn & Garden","Weed Eater",
230,"Lawn & Garden","--- Other ---",
231,"Lawn & Garden","Riding Mower",
232,"Lawn & Garden","Wheel Barrel",
233,"Marine Equipment","Depth Finder",
234,"Marine Equipment","Diving Equipment",
235,"Marine Equipment","Fishing Reel",
236,"Marine Equipment","Fishing Rod",
237,"Marine Equipment","Life jacket",
238,"Marine Equipment","Outboard Motor",
239,"Marine Equipment","--- Other ---",
240,"Marine Equipment","Tackle Box",
241,"Marine Equipment","Rod & Reel",
242,"Marine Equipment","Inflatable Boat",
243,"Marine Equipment","Canoe",
244,"Music Accessory","Guitar Amp",
245,"Music Accessory","Case",
246,"Music Accessory","Cymbal",
247,"Music Accessory","Drum Machine",
248,"Music Accessory","Drum Stand",
249,"Music Accessory","Drum Throne",
250,"Music Accessory","Effects module",
251,"Music Accessory","Guitar Stand",
252,"Music Accessory","Guitar Cord",
253,"Music Accessory","Hi-Hat",
254,"Music Accessory","Hi-Hat Stand",
255,"Music Accessory","Horn",
256,"Music Accessory","Headphones",
257,"Music Accessory","Mixer/Amp",
258,"Music Accessory","Microphone",
259,"Music Accessory","Mike Stand",
260,"Music Accessory","Music Stand",
261,"Music Accessory","Effects pedal",
262,"Music Accessory","Pickup",
263,"Music Accessory","Snare Stand",
264,"Music Accessory","Speaker Cabinet",
265,"Music Accessory","String Set",
266,"Music Accessory","String",
267,"Music Accessory","Tailpiece Hanger",
268,"Music Accessory","Tuner",
269,"Music Accessory","--- Other ---",
270,"Music Media","45 RPM Record",
271,"Music Media","Cassette Tape",
272,"Music Media","Compact Disc",
273,"Music Media","LP Album",
274,"Music Media","Sheet Music",
275,"Music Media","--- Other ---",
276,"Musical Instrument","Accordion",
277,"Musical Instrument","Banjo",
278,"Musical Instrument","Bongo",
279,"Musical Instrument","Clarinet",
280,"Musical Instrument","Coronet",
281,"Musical Instrument","Drums",
282,"Musical Instrument","Drum Machine",
283,"Musical Instrument","Flute",
284,"Musical Instrument","Guitar",
285,"Musical Instrument","Harmonica",
286,"Musical Instrument","Keyboard",
287,"Musical Instrument","Mandolin",
288,"Musical Instrument","Mouth Harp",
289,"Musical Instrument","Microphone",
290,"Musical Instrument","Maracas",
291,"Musical Instrument","Minituba",
292,"Musical Instrument","Guitar-Steel",
293,"Musical Instrument","Tambourine",
294,"Musical Instrument","Trombone",
295,"Musical Instrument","Trumpet",
296,"Musical Instrument","Tuba",
297,"Musical Instrument","Ukulele",
298,"Musical Instrument","Violin Bow & Case",
299,"Musical Instrument","--- Other ---",
300,"Musical Instrument","Saxophone",
301,"Musical Instrument","Guitar Amp",
302,"Musical Instrument","Guitar-Electric",
303,"Musical Instrument","Guitar-Acoustic",
304,"Office / Computer Equipment","Calculator",
305,"Office / Computer Equipment","Computer",
306,"Office / Computer Equipment","Electronic Organizer",
307,"Office / Computer Equipment","Monitor",
308,"Office / Computer Equipment","Photocopier",
309,"Office / Computer Equipment","Printer",
310,"Office / Computer Equipment","Typewriter",
311,"Office / Computer Equipment","--- Other ---",
312,"Office / Computer Equipment","Laptop Computer",
313,"Office / Computer Equipment","Word Processor",
314,"Office / Computer Equipment","Fax Machine",
315,"Office / Computer Equipment","Scanner",
316,"Office / Computer Equipment","Hard Drive",
317,"Office / Computer Equipment","Computer Software",
318,"Office / Computer Equipment","Computer Accessories",
319,"Office / Computer Equipment","Palm Pilot",
320,"Other --- Other ---",,
321,"Personal Items","Beadwork",
322,"Personal Items","Belt",
323,"Personal Items","Boots",
324,"Personal Items","Buckle",
325,"Personal Items","Chaps",
326,"Personal Items","Combs",
327,"Personal Items","Costume",
328,"Personal Items","Curlers",
329,"Personal Items","Dryer",
330,"Personal Items","Coat - Fur",
331,"Personal Items","Hat",
332,"Personal Items","Handcuffs",
333,"Personal Items","Jacket",
334,"Personal Items","Massager",
335,"Personal Items","Mitts",
336,"Personal Items","Muks",
337,"Personal Items","Pants",
338,"Personal Items","Purse",
339,"Personal Items","Razor",
340,"Personal Items","Shaver",
341,"Personal Items","Skirt",
342,"Personal Items","Slippers",
343,"Personal Items","Vest",
344,"Personal Items","Whip",
345,"Personal Items","--- Other ---",
346,"Personal Items","Coat - Leather",
347,"Personal Items","Sunglasses",
348,"Personal Items","Blanket",
349,"Personal Items","Duvet",
350,"Personal Items","Ornaments",
351,"Riding Equipment","Bareback Rigging",
352,"Riding Equipment","Chaps",
353,"Riding Equipment","Spurs",
354,"Riding Equipment","Saddle",
355,"Riding Equipment","Bridle",
356,"Riding Equipment","Flack Jacket",
357,"Riding Equipment","Roping Equipment",
358,"Riding Equipment","--- Other ---",
359,"Sporting Goods","Ball",
360,"Sporting Goods","Bat",
361,"Sporting Goods","Ball Glove",
362,"Sporting Goods","Rowing Machine",
363,"Sporting Goods","Dumbbell",
364,"Sporting Goods","Helmet",
365,"Sporting Goods","Hockey Equipment",
366,"Sporting Goods","Ice Auger-Power",
367,"Sporting Goods","Knife",
368,"Sporting Goods","Monocular",
369,"Sporting Goods","Pool Cue Case",
370,"Sporting Goods","Pool Cue",
371,"Sporting Goods","Punching Bag",
372,"Sporting Goods","Racquet",
373,"Sporting Goods","Rollerblades",
374,"Sporting Goods","Skis",
375,"Sporting Goods","Skates",
376,"Sporting Goods","Sparing Gloves",
377,"Sporting Goods","Spotting Scope",
378,"Sporting Goods","Ski Boots",
379,"Sporting Goods","Sword",
380,"Sporting Goods","Tackle Box",
381,"Sporting Goods","Weight Bench",
382,"Sporting Goods","Weights",
383,"Sporting Goods","Weight Belt",
384,"Sporting Goods","--- Other ---",
385,"Sporting Goods","Tent",
386,"Sporting Goods","Treadmill",
387,"Sporting Goods","Trampoline",
388,"Sporting Goods","Football",
389,"Sporting Goods","Basketball",
390,"Sporting Goods","Ice Auger-Hand",
391,"Sporting Goods","Football Equipment",
392,"Sporting Goods","Knife",
393,"Sporting Goods","Scope",
394,"Sporting Goods","Sleeping Bag",
395,"Sporting Goods","Bow - Compound",
396,"Sporting Goods","Bow â€“ Recurve",
397,"Sporting Goods","Bow - Arrows",
398,"Sporting Goods","Propane Lantern",
399,"Sporting Goods","Propane Camp Stove",
400,"Sporting Goods","Air Gun",
401,"Sporting Goods","Snowboard",
402,"Sporting Goods","Paintball Gun",
403,"Sporting Goods","Golf Cart",
404,"Sporting Goods","Exercise Equipment",
405,"Sporting Goods","Winter Sports Equipment",
406,"Sporting Goods","Skateboard",
407,"Sporting Goods","Snowboard Boots",
408,"Sporting Goods","Ski Bindings",
409,"Sporting Goods","Snowboard Bindings",
410,"Sporting Goods","Badminton Racket",
411,"Sporting Goods","Wakeboard",
412,"Sporting Goods","Golf Clubs",
413,"Sporting Goods","Camping Equipment",
414,"Sporting Goods","Tennis Rackets",
415,"Stereo/Audio/Radio","Clock/Cassette",
416,"Stereo/Audio/Radio","Amp",
417,"Stereo/Audio/Radio","CD Player",
418,"Stereo/Audio/Radio","Clock Radio",
419,"Stereo/Audio/Radio","Cassette Recorder",
420,"Stereo/Audio/Radio","Equalizer",
421,"Stereo/Audio/Radio","Ghetto Blaster",
422,"Stereo/Audio/Radio","Ghetto/CD Unit",
423,"Stereo/Audio/Radio","Karaoke Machine",
424,"Stereo/Audio/Radio","Microcassette Rec.",
425,"Stereo/Audio/Radio","Discman",
426,"Stereo/Audio/Radio","Pre-Amp",
427,"Stereo/Audio/Radio","Radio",
428,"Stereo/Audio/Radio","Recorder",
429,"Stereo/Audio/Radio","Receiver",
430,"Stereo/Audio/Radio","Scanner",
431,"Stereo/Audio/Radio","Speaker",
432,"Stereo/Audio/Radio","Stereo",
433,"Stereo/Audio/Radio","Tape Deck",
434,"Stereo/Audio/Radio","Turntable",
435,"Stereo/Audio/Radio","Tuner",
436,"Stereo/Audio/Radio","Walkman",
437,"Stereo/Audio/Radio","--- Other ---",
438,"Stereo/Audio/Radio","Stereo Component",
439,"Stereo/Audio/Radio","Subwoofer",
440,"Stereo/Audio/Radio","Mini Disc Player",
441,"Stereo/Audio/Radio","Headphone",
442,"Stereo/Audio/Radio","Stereo - Mini",
443,"Stereo/Audio/Radio","Loud Speakers",
444,"Stereo/Audio/Radio","MP3 Player",
445,"Telecommunications","Answering Machine",
446,"Telecommunications","Pager",
447,"Telecommunications","Radio-CB",
448,"Telecommunications","Phone-Cellular",
449,"Telecommunications","Radio-Emergency",
450,"Telecommunications","Fax Machine",
451,"Telecommunications","Headphones",
452,"Telecommunications","Phone",
453,"Telecommunications","Scanners",
454,"Telecommunications","Transceiver",
455,"Telecommunications","--- Other ---",
456,"Telecommunications","Phone-Cordless",
457,"Telecommunications","Radio-2 Way",
458,"Telecommunications","GPS Receiver",
459,"Television/Video","Converter",
460,"Television/Video","Mini TV",
461,"Television/Video","LCD Projector",
462,"Television/Video","Remote Control",
463,"Television/Video","TV/VCR Unit",
464,"Television/Video","TV & Remote",
465,"Television/Video","Television",
466,"Television/Video","VCR",
467,"Television/Video","Video Tape",
468,"Television/Video","VCR & Remote",
469,"Television/Video","DVD Disk",
470,"Television/Video","--- Other ---",
471,"Television/Video","DVD Player",
472,"Television/Video","Laser Disc Player",
473,"Television/Video","Satellite Dish",
474,"Television/Video","TV/DVD Unit",
475,"Television/Video","VCR/DVD Unit",
476,"Television/Video","Accessories -Other-",
477,"Television/Video","Accessories Converter",
478,"Television/Video","Accessories Remote",
479,"Television/Video","Accessories Tape Rewinder",
480,"Television/Video","Media -Other-",
481,"Television/Video","Media Video Tape",
482,"Television/Video","Media DVD Disc",
483,"Television/Video","Media Laser Disk",
484,"Tools","Wrenches",
485,"Tools","Screw Drivers",
486,"Tools","Drill-Hand",
487,"Tools","Battery Charger",
488,"Tools","Bolt Cutter",
489,"Tools","Belt Sander",
490,"Tools","Bench Grinder",
491,"Tools","Buffer",
492,"Tools","Saw - Circular",
493,"Tools","Drill-Power",
494,"Tools","Glue Gun",
495,"Tools","Grinder",
496,"Tools","Hammer",
497,"Tools","Drill-Hammer",
498,"Tools","Impact",
499,"Tools","Jack - Car",
500,"Tools","Saw - Jigsaw",
501,"Tools","Jackall",
502,"Tools","Moto-Tool",
503,"Tools","Saw - Mitre",
504,"Tools","Planer",
505,"Tools","Polisher",
506,"Tools","Ratchet",
507,"Tools","Saw - Reciprocating",
508,"Tools","Router",
509,"Tools","Saw - Radial Arm",
510,"Tools","Sander",
511,"Tools","Saw - Scroll",
512,"Tools","Screwdriver (Electric)",
513,"Tools","Solder Gun",
514,"Tools","Socket Set",
515,"Tools","Stapler",
516,"Tools","Sawzall",
517,"Tools","Tap & Die Set",
518,"Tools","Tool Belt",
519,"Tools","Tool Set",
520,"Tools","Tool Box",
521,"Tools","Tool Misc.",
522,"Tools","--- Other ---",
523,"Tools","Winch",
524,"Tools","Converter",
525,"Tools","Heater - Car",
526,"Tools","Saw - Chain",
527,"Tools","Saw - Table Saw",
528,"Tools","Saw- Band",
529,"Tools","Drill-Cordless",
530,"Tools","Saw",
531,"Tools","Bit Set",
532,"Tools","Saw - Compound",
533,"Tools","Dremel",
534,"Tools","Drill",
535,"Tools","Drill Bits",
536,"Tools","Saw-Trim",
537,"Tools","Ladder",
538,"Tools-Industrial","Acetylene",
539,"Tools-Industrial","Air Compressor",
540,"Tools-Industrial","Air Tank",
541,"Tools-Industrial","Bazooka/For Taping",
542,"Tools-Industrial","Saw - Bandsaw",
543,"Tools-Industrial","Saw - Cement",
544,"Tools-Industrial","Chain Hoist",
545,"Tools-Industrial","Carpet Kicker",
546,"Tools-Industrial","Carpet Stretcher",
547,"Tools-Industrial","Drill Press",
548,"Tools-Industrial","Edgebander",
549,"Tools-Industrial","Generator",
550,"Tools-Industrial","Joiner",
551,"Tools-Industrial","Percussion Nailer",
552,"Tools-Industrial","Pressure Washer",
553,"Tools-Industrial","Shaper",
554,"Tools-Industrial","Sprayer",
555,"Tools-Industrial","Pump-Sump",
556,"Tools-Industrial","Torch",
557,"Tools-Industrial","Transit",
558,"Tools-Industrial","Saw - Table",
559,"Tools-Industrial","Welder",
560,"Tools-Industrial","Winch",
561,"Tools-Industrial","--- Other ---",
562,"Tools-Industrial","Saw - Radial Arm",
563,"Tools-Industrial","Hoist",
564,"Tools-Industrial","Bobcat",
565,"Tools-Industrial","Pump-Water",
566,"Tools-Industrial","Air - Stapler",
567,"Tools-Industrial","Air - Nailer",
568,"Tools-Industrial","Air - Ratchet",
569,"Tools-Industrial","Air - Impacts",
570,"Tools-Industrial","Air - Chisel",
571,"Tools-Industrial","Air - Sander",
572,"Tools-Industrial","Air - Sprayer",
573,"Tools-Industrial","Torque Wrench",
574,"Tools-Industrial","Air - Hammer",
575,"Tools-Industrial","Heat Gun",
576,"Tools-Industrial","Tile Cutter",
577,"Tools-Industrial","Carpet Iron",
578,"Tools-Industrial","Drywall-Stilts",
579,"Tools-Industrial","Lino Roller",
580,"Tools-Industrial","Drywall-Cutout Tool",
581,"Tools-Industrial","Micrometer",
582,"Tools-Industrial","Carpet Tacker",
583,"Tools-Industrial","Welding Helmet",
584,"Tools-Industrial","Safety Gear",
585,"Tools-Industrial","Powder Activated - Nailer",
586,"Tools-Industrial","Scale-Digital",
587,"Tools-Industrial","Screw Gun",
588,"Tools-Industrial","Fish Tape",
589,"Tools-Industrial","Drywall-Tool",
590,"Tools-Industrial","Multimeter",
591,"Tools-Industrial","Gas Nailer (Airless)",
592,"Tools-Industrial","Compressor",
593,"Tools-Industrial","Level-Lazer",
594,"Tools-Industrial","Level-Carpenter",
595,"Toys","--- Other ---",
596,"Toys","Remote Control Vehicle",
597,"Toys","Stuffed Animal",
598,"Toys","Doll",
599,"Vacuum","Central Vacuum",
600,"Vacuum","Canister Vacuum",
601,"Vacuum","Shop Vacuum",
602,"Vacuum","Handheld Vacuum",
603,"Vacuum","Upright Vacuum",
604,"Vacuum","--- Other ---",
605,"Vehicle","All Terrain Vehicle",
606,"Vehicle","Car",
607,"Vehicle","Jet Ski",
608,"Vehicle","Motorcycle",
609,"Vehicle","Snowmobile",
610,"Vehicle","Truck",
611,"Vehicle","--- Other ---",
612,"Vehicle","Sport Utility Vehicle",
613,"Vehicle","Station Wagon",
614,"Vehicle","Van",
615,"Vehicle","Trailer-Utility",
616,"Vehicle","Trailer-Boat",
617,"Vehicle","Boat",
618,"Vehicle","Go Cart",
619,"Vehicle","Tractor-Semi",
620,"Vehicle Accessories","Battery Charger",
621,"Vehicle Accessories","Radar Detector",
622,"Vehicle Accessories","Tires",
623,"Vehicle Accessories","Car CD Player",
624,"Vehicle Accessories","Car Tape Player",
625,"Vehicle Accessories","Car Speakers",
626,"Vehicle Accessories","Driving Lights",
627,"Vehicle Accessories","12 Volt Compressor",
628,"Vehicle Accessories","Car Amp",
629,"Vehicle Accessories","Battery Cables",
630,"Vehicle Accessories","Timing Light",
631,"Vehicle Accessories","--- Other ---",
632,"Vehicle Accessories","Jack - Hydraulic",
633,"Vehicle Accessories","Rims",
634,"Vehicle Accessories","Carburator",
635,"Vehicle Accessories","Car Subwoofer",
636,"Vehicle Accessories","Battery Warmer",
637,"Vehicle Accessories","Compression Gauge",
638,"Vehicle Accessories","Command Start",
639,"Vehicle Accessories","Alarm System",
